[
	{
		"id": "1",
		"title": "<인사>신동아건설",
		"article": "◇ 부사장 ▲ 개발사업본부 우수영 ◇ 상무 ▲ 기획감사실장 김세준 ◇ 상무보B ▲ 분양마케팅 이성준 ▲ 건축/기전 김병수",
		"author": "홍형정 기자",
		"time": "2019-12-18 04:45:35",
		"depart": "한국부동산신문"
	},
	{
		"id": "2",
		"title": "12.16 대책 후 ‘매수·매도자 모두 일단 관망세’",
		"article": "신도시에서는 △일산(0.08%) △중동(0.06%) △분당(0.04%) △동탄(0.03%) △위례(0.03%) △판교(0.01%) 등이 상승했다. 일산은 특히 조정대상지역 해제 이후 거래가 이어지면서 오름세다. 분당은 일부 단지에서 관망세가 형성되는 분위기지만 가격은 상승추세를 이어가 정자동 로얄팰리스, 분당동 장안건영, 수내동 양지1단지금호 등에서 값이 올랐다.",
		"author": "김태희 기자",
		"time": "2019-12-22 08:47:15",
		"depart": "한국부동산신문"
	},
	{
		"id": "3",
		"title": "구미시, 낙동강 변 국가3산단에 민간공원 조성",
		"article": "경북 구미시가 낙동강 변에 고층아파트와 공원을 조성하는 민간공원 조성사업을 추진한다고 31일 연합뉴스가 보도했다.",
		"author": "홍형정 기자",
		"time": "2020-01-31 04:37:55",
		"depart": "한국부동산신문"
	}
]