[
	{
		"id": "1",
		"title": "KB국민은행, ‘디지털헌금바구니’ 출시",
		"article": "KB국민은행(은행장 허인)이 비대면 성금 납부를 지원하는 ‘디지털성금서비스’를 선보인다.‘디지털성금서비스’는 성금을 납부하는 개인이나 성금을 모금하는 단체가 비대면으로 성금을 관리할 수 있는 서비스다.",
		"author": "김홍섭 기자",
		"time": "2020-09-03 09:58:43",
		"depart": "한국부동산신문"
	},
	{
		"id": "2",
		"title": "산업통상자원부, 업종별 비대면·온라인 수출 기반 본격 가동",
		"article": "산업통상자원부(장관 성윤모)가 코로나 상황 아래 국내 섬유 업계의 비대면·온라인 수출 지원을 위해 9월 3일 자로 국내 최초로 3차원(3D), 가상현실(VR) 등 첨단 기술을 적용한 섬유 온라인 상설 전시관을 개관했다.",
		"author": "김홍섭 기자",
		"time": "2020-09-04 01:51:35",
		"depart": "한국부동산신문"
	},
	{
		"id": "3",
		"title": "삼성전자, 한샘과 공동사업 강화 위한 업무협약 체결",
		"article": "삼성전자가 종합 홈 인테리어 전문 기업인 한샘과 4일 양사 간 공동사업 강화를 위한 업무협약(MOU)을 체결했다.",
		"author": "홍형정 기자",
		"time": "2020-09-07 01:11:42",
		"depart": "한국부동산신문"
	}
]